INSERT INTO 
  projects
    (id, title, category, funding_goal, start_date, end_date)
VALUES 
  (1, 'Sofa', 'Home goods', 5000.00, '2018-06-30', '2018-07-30'),
  (2, 'Light', 'Home goods', 6000.00, '2018-06-30', '2018-07-30'),
  (3, 'Chair', 'Home goods', 7000.00, '2018-06-30', '2018-07-30'),
  (4, 'Bench', 'Home goods', 2000.00, '2018-06-30', '2018-07-30'),
  (5, 'Camera', 'Photography', 20000.00, '2018-06-30', '2018-07-30'),
  (6, 'Bag', 'Photography', 10000.00, '2018-06-30', '2018-07-30'),
  (7, 'Lense', 'Photography', 63000.00, '2018-06-30', '2018-07-30'),
  (8, 'Filter', 'Photography', 65000.00, '2018-06-30', '2018-07-30'),
  (9, 'Flute', 'Music', 3000.00, '2018-06-30', '2018-07-30'),
  (10, 'Piano', 'Music', 3000.00, '2018-06-30', '2018-07-30');


INSERT INTO 
  users
  (id, name, age)
VALUES
    (1, 'Richard', 26
  ),(2, 'Tom', 24
  ),(3, 'Dick', 25
  ),(4, 'Harry', 26
  ),(5, 'Joe', 28
  ),(6, 'Stacy', 22
  ),(7, 'Lola', 29
  ),(8, 'Dan', 18
  ),(9, 'Joe', 22
  ),(10, 'Natasha', 21
  ),(11, 'Dario', 29
  ),(12, 'Fernando', 23
  ),(13, 'Chris', 20
  ),(14, 'Damany', 22
  ),(15, 'Erika', 25
  ),(16, 'Charlotte', 25
  ),(17, 'Tim', 26
  ),(18, 'Charlie', 28
  ),(19, 'Emily', 20
  ),(20, 'Ricky', 21);


INSERT INTO 
  pledges
  (id, amount, user_id, project_id)
VALUES
  (1, 2000.00, 2, 4
),(2, 56.00, 4, 6
),(3, 100.00, 7, 10
),(4, 89.00, 20, 10
),(5, 34.00, 16, 1
),(6, 34.00, 12, 2
),(7, 45.00, 6, 3
),(8, 456.00, 9, 4
),(9, 77.00, 7, 5
),(10, 345.00, 5, 6
),(11, 50.00, 8, 7
),(12, 34.00, 17, 8
),(13, 89.00, 10, 9
),(14, 10.00, 12, 10
),(15, 15.00, 10, 10
),(16, 94.00, 18, 9
),(17, 17.00, 19, 8
),(18, 54.00, 15, 7
),(19, 73.00, 20, 8
),(20, 83.00, 17, 9
),(21, 94.00, 16, 1
),(22, 1000.00, 15, 2
),(23, 99.00, 14, 3
),(24, 100.00, 13, 4
),(25, 50.00, 12, 5
),(26, 100.00, 11, 6
),(27, 50.00, 10, 7
),(28, 100.00, 9, 8
),(29, 50.00, 8, 9
),(30, 50.00, 7, 10
);