INSERT INTO projects (title, category, funding_goal, start_date, end_date) VALUES (1, "project 1", 500, "2013-05-01", "2016-10-10");
INSERT INTO projects (title, category, funding_goal, start_date, end_date) VALUES (2, "project 2", 1000, "2015-07-07", "2017-05-11");
INSERT INTO projects (title, category, funding_goal, start_date, end_date) VALUES (3, "project 3", 75, "2018-02-10", "2018-06-21");
INSERT INTO projects (title, category, funding_goal, start_date, end_date) VALUES (4, "project 4", 200, "2017-01-21", "2018-06-20");
INSERT INTO projects (title, category, funding_goal, start_date, end_date) VALUES (5, "project 5", 20, "2014-12-11", "2015-07-05");
INSERT INTO projects (title, category, funding_goal, start_date, end_date) VALUES (6, "project 6", 300, "2015-11-20", "2016-10-08");
INSERT INTO projects (title, category, funding_goal, start_date, end_date) VALUES (7, "project 7", 567, "2018-08-21", "2018-08-18");
INSERT INTO projects (title, category, funding_goal, start_date, end_date) VALUES (8, "project 8", 672, "2014-05-22", "2016-07-13");
INSERT INTO projects (title, category, funding_goal, start_date, end_date) VALUES (9, "project 9", 1500, "2013-04-01", "2015-01-20");
INSERT INTO projects (title, category, funding_goal, start_date, end_date) VALUES (10, "project 10", 2000,  "2012-03-07", "2013-02-21");

INSERT INTO users (name, age) VALUES ("user1", 20);
INSERT INTO users (name, age) VALUES ("user2", 22);
INSERT INTO users (name, age) VALUES ("user3", 24);
INSERT INTO users (name, age) VALUES ("user4", 26);
INSERT INTO users (name, age) VALUES ("user5", 30);
INSERT INTO users (name, age) VALUES ("user6", 45);
INSERT INTO users (name, age) VALUES ("user7", 20);
INSERT INTO users (name, age) VALUES ("user8", 45);
INSERT INTO users (name, age) VALUES ("user9", 30);
INSERT INTO users (name, age) VALUES ("user10", 34);
INSERT INTO users (name, age) VALUES ("user11", 26);
INSERT INTO users (name, age) VALUES ("user12", 28);
INSERT INTO users (name, age) VALUES ("user13", 20);
INSERT INTO users (name, age) VALUES ("user14", 22);
INSERT INTO users (name, age) VALUES ("user15", 30);
INSERT INTO users (name, age) VALUES ("user16", 45);
INSERT INTO users (name, age) VALUES ("user17", 34);
INSERT INTO users (name, age) VALUES ("user18", 20);
INSERT INTO users (name, age) VALUES ("user19", 24);
INSERT INTO users (name, age) VALUES ("user20", 26);

INSERT INTO pledges (amount, user_id, project_id) VALUES (30, 3, 5);
INSERT INTO pledges (amount, user_id, project_id) VALUES (30, 1, 7);
INSERT INTO pledges (amount, user_id, project_id) VALUES (30, 20, 2);
INSERT INTO pledges (amount, user_id, project_id) VALUES (30, 18, 1);
INSERT INTO pledges (amount, user_id, project_id) VALUES (30, 15, 10);
INSERT INTO pledges (amount, user_id, project_id) VALUES (30, 7, 8);
INSERT INTO pledges (amount, user_id, project_id) VALUES (30, 6, 6);
INSERT INTO pledges (amount, user_id, project_id) VALUES (30, 5, 2);
INSERT INTO pledges (amount, user_id, project_id) VALUES (30, 10, 1);
INSERT INTO pledges (amount, user_id, project_id) VALUES (30, 11, 10);
INSERT INTO pledges (amount, user_id, project_id) VALUES (30, 1, 9);
INSERT INTO pledges (amount, user_id, project_id) VALUES (30, 2, 6);
INSERT INTO pledges (amount, user_id, project_id) VALUES (30, 15, 4);
INSERT INTO pledges (amount, user_id, project_id) VALUES (30, 13, 2);
INSERT INTO pledges (amount, user_id, project_id) VALUES (30, 11, 3);
INSERT INTO pledges (amount, user_id, project_id) VALUES (30, 9, 5);
INSERT INTO pledges (amount, user_id, project_id) VALUES (30, 8, 9);
INSERT INTO pledges (amount, user_id, project_id) VALUES (30, 3, 8);
INSERT INTO pledges (amount, user_id, project_id) VALUES (30, 16, 10);
INSERT INTO pledges (amount, user_id, project_id) VALUES (30, 18, 1);
INSERT INTO pledges (amount, user_id, project_id) VALUES (30, 19, 4);
INSERT INTO pledges (amount, user_id, project_id) VALUES (30, 1, 3);
INSERT INTO pledges (amount, user_id, project_id) VALUES (30, 2, 6);
INSERT INTO pledges (amount, user_id, project_id) VALUES (30, 3, 10);
INSERT INTO pledges (amount, user_id, project_id) VALUES (30, 4, 9);
INSERT INTO pledges (amount, user_id, project_id) VALUES (30, 5, 8);
INSERT INTO pledges (amount, user_id, project_id) VALUES (30, 6, 4);
INSERT INTO pledges (amount, user_id, project_id) VALUES (30, 7, 2);
INSERT INTO pledges (amount, user_id, project_id) VALUES (30, 8, 1);
INSERT INTO pledges (amount, user_id, project_id) VALUES (30, 9, 9);
